{"cameraMode":{"drawMode":0,"name":"Shaded","section":"Shading Mode"},"sceneLighting":false,"audioPlay":false,"sceneViewState":{"showFog":true,"showMaterialUpdate":false,"showSkybox":false,"showFlares":true,"showImageEffects":true,"showParticleSystems":true},"in2DMode":false,"pivot":{"x":140.6999969482422,"y":12.800000190734864,"z":-46.5},"rotation":{"x":-0.22213943302631379,"y":0.4601507782936096,"z":-0.1201629638671875,"w":-0.8512186408042908},"size":1.1445519924163819,"orthographic":false}